,word
0,一一
1,一万
2,一上
3,一下
4,一下子
5,一世
6,一丝
7,一个个
8,一个月
9,一个点
10,一中
11,一串
12,一事
13,一二
14,一人
15,一代
16,一件
17,一份
18,一会
19,一会儿
20,一位
21,一体
22,一個
23,一倍
24,一八
25,一共
26,一出
27,一分
28,一分钱
29,一切都是
30,一到
31,一刻
32,一副
33,一勺
34,一包
35,一千
36,一半
37,一双
38,一发
39,一口
40,一口气
41,一句
42,一只
43,一台
44,一号
45,一同
46,一名
47,一向
48,一员
49,一周
50,一回
51,一圈
52,一场
53,一块
54,一块钱
55,一堆
56,一場
57,一塊
58,一声
59,一夜
60,一大
61,一大口
62,一大早
63,一头
64,一套
65,一学
66,一家
67,一家人
68,一对
69,一小
70,一局
71,一层
72,一岁
73,一己
74,一带
75,一幅
76,一幕
77,一年
78,一度
79,一座
80,一开
81,一张
82,一張
83,一心
84,一想
85,一手
86,一打
87,一批
88,一把
89,一招
90,一排
91,一支
92,一整
93,一整天
94,一斤
95,一方
96,一旁
97,一日
98,一时
99,一是
100,一時
101,一會
102,一月
103,一期
104,一本
105,一条
106,一杯
107,一根
108,一條
109,一楼
110,一模
111,一模一样
112,一樣
113,一款
114,一步
115,一段
116,一段时间
117,一比
118,一波
119,一点一点
120,一点点
121,一片
122,一班
123,一生
124,一番
125,一百
126,一盒
127,一盘
128,一看
129,一眼
130,一瞬间
131,一碗
132,一碟
133,一种
134,一種
135,一端
136,一笑
137,一笔
138,一篇
139,一类
140,一系列
141,一级
142,一线
143,一群
144,一股
145,一脸
146,一致
147,一般来说
148,一色
149,一节
150,一號
151,一行
152,一角
153,一趟
154,一路
155,一身
156,一輩子
157,一轮
158,一辆
159,一辈子
160,一边
161,一进
162,一遍
163,一道
164,一邊
165,一部
166,一部分
167,一锅
168,一開始
169,一間
170,一门
171,一集
172,一面
173,一頭
174,一顆
175,一项
176,一顿
177,一颗
178,一首
179,一黑
180,一點
181,一點點
182,七八
183,七天
184,七百
185,万万
186,万个
187,万人
188,万元
189,万多
190,丈夫
191,三下
192,三个
193,三人
194,三代
195,三位
196,三個
197,三倍
198,三分
199,三分钟
200,三十
201,三十年
202,三千
203,三四
204,三块
205,三天
206,三年
207,三星
208,三次
209,三款
210,三点
211,三百
212,三种
213,三級
214,三角
215,三连
216,三點
217,上传
218,上來
219,上入
220,上升
221,上午
222,上半身
223,上去
224,上头
225,上学
226,上學
227,上山
228,上市
229,上市公司
230,上帝
231,上年
232,上手
233,上方
234,上来
235,上次
236,上海
237,上涨
238,上班
239,上盖
240,上線
241,上级
242,上线
243,上网
244,上菜
245,上课
246,上路
247,上車
248,上车
249,上述
250,上限
251,上面
252,下一代
253,下一個
254,下个
255,下來
256,下個
257,下入
258,下午
259,下半身
260,下单
261,下去
262,下场
263,下定
264,下巴
265,下手
266,下方
267,下期
268,下来
269,下次
270,下水
271,下沉
272,下滑
273,下班
274,下行
275,下跌
276,下載
277,下车
278,下载
279,下边
280,下锅
281,下降
282,下限
283,下雨
284,下面
285,下饭
286,不一樣
287,不上
288,不下
289,不久
290,不了
291,不仅仅
292,不以
293,不住
294,不來
295,不信
296,不停
297,不僅
298,不像
299,不公
300,不再
301,不准
302,不出
303,不利
304,不到
305,不动
306,不動
307,不去
308,不及
309,不可
310,不吃
311,不合
312,不合理
313,不同
314,不在乎
315,不多
316,不够
317,不夠
318,不大
319,不太
320,不太可能
321,不太好
322,不好
323,不好意思
324,不学
325,不安
326,不定
327,不客
328,不对劲
329,不小
330,不少
331,不屬
332,不差
333,不带
334,不干
335,不幸
336,不得不
337,不得了
338,不必
339,不快
340,不怎么
341,不惜
342,不想
343,不應
344,不敢
345,不断
346,不斷
347,不明
348,不易
349,不會
350,不来
351,不止
352,不正
353,不满
354,不爱
355,不爽
356,不理
357,不生
358,不用说
359,不看
360,不知
361,不知不觉
362,不知所措
363,不算
364,不給
365,不肯
366,不能不
367,不良
368,不花
369,不著
370,不行
371,不見
372,不覺
373,不见
374,不让
375,不许
376,不该
377,不说
378,不谢
379,不起
380,不足
381,不過
382,不錯
383,不错
384,不願
385,不高
386,专业
387,专家
388,专注
389,专门
390,世界
391,世界观
392,世紀
393,世纪
394,业务
395,东京
396,东西
397,丢人
398,两人
399,两位
400,两侧
401,两分
402,两只
403,两块
404,两天
405,两层
406,两年
407,两张
408,两条
409,两根
410,两次
411,两点
412,两百
413,两种
414,两边
415,两部
416,两颗
417,严格
418,严肃
419,严重
420,並且
421,並沒有
422,个人
423,个体
424,个头
425,中午
426,中国
427,中國
428,中國人
429,中央
430,中学
431,中心
432,中文
433,中有
434,中期
435,中等
436,中華
437,中路
438,中途
439,中間
440,中间
441,丰富
442,为主
443,为啥
444,主义
445,主人
446,主力
447,主动
448,主動
449,主导
450,主席
451,主张
452,主意
453,主打
454,主持
455,主持人
456,主播
457,主机
458,主板
459,主流
460,主管
461,主要
462,主观
463,主角
464,主题
465,举个
466,举报
467,举起
468,久久
469,之下
470,之中
471,之内
472,之力
473,之外
474,之心
475,之間
476,之间
477,乐意
478,乐观
479,乖乖
480,九九
481,也就是说
482,也许
483,习惯
484,买不起
485,买个
486,买房
487,买点
488,乾淨
489,乾脆
490,了解
491,争取
492,事业
493,事件
494,事儿
495,事务
496,事实
497,事实上
498,事實
499,事故
500,事物
501,二人
502,二代
503,二十
504,二十年
505,二号
506,二楼
507,二次
508,亏了
509,互动
510,互相
511,互联
512,互联网
513,互聯網
514,五一
515,五个
516,五分钟
517,五十
518,五千
519,五块
520,五塊
521,五年
522,五月
523,五毛
524,五点
525,五百
526,亚克力
527,交代
528,交出
529,交往
530,交律
531,交易
532,交流
533,交给
534,交通
535,交配
536,产业
537,产出
538,产品
539,产生
540,享受
541,亲人
542,亲戚
543,亲自
544,人事
545,人人
546,人会
547,人住
548,人体
549,人們
550,人力
551,人去
552,人口
553,人员
554,人員
555,人均
556,人士
557,人大
558,人头
559,人工
560,人心
561,人性
562,人情
563,人才
564,人数
565,人數
566,人有
567,人来
568,人格
569,人比
570,人民
571,人物
572,人生
573,人用
574,人类
575,人类文明
576,人群
577,人能
578,人覺
579,人选
580,人間
581,人间
582,人類
583,什麼樣
584,仅仅
585,仇杀
586,今年
587,今日
588,今晚
589,介紹
590,介绍
591,仍然
592,从事
593,从小
594,从未
595,从来
596,从来不
597,仓库
598,仔细
599,他会
600,他俩
601,他會
602,他現
603,他給
604,他還
605,付出
606,代价
607,代替
608,代表
609,令人
610,以下
611,以來
612,以前
613,以后
614,以外
615,以往
616,以為
617,价值
618,价值观
619,价格
620,任何人
621,任务
622,任務
623,任意
624,份子
625,仿佛
626,企业
627,企業
628,休息
629,优先
630,优势
631,优化
632,优惠
633,优秀
634,优质
635,会上
636,会为
637,会儿
638,会员
639,会见
640,会议
641,传到
642,传奇
643,传来
644,传终
645,传统
646,传说
647,传达
648,伤口
649,伤害
650,伤疤
651,估計
652,估计
653,伴随
654,伺候
655,似乎
656,位于
657,位子
658,位置
659,低下
660,低于
661,低价
662,住宿
663,住房
664,体会
665,体内
666,体制
667,体力
668,体型
669,体态
670,体现
671,体积
672,体系
673,体育
674,体重
675,体面
676,体验
677,余光
678,佛教
679,作业
680,作品
681,作家
682,作為
683,作用
684,作者
685,你們
686,你別
687,你别
688,你好
689,你家
690,你會
691,你現
692,你生
693,你給
694,你老
695,你還
696,使命
697,使用
698,來來
699,來源
700,來給
701,來講
702,例外
703,例子
704,供应
705,依旧
706,依次
707,依然
708,依舊
709,侧边
710,侧面
711,便利
712,便宜
713,便是
714,促使
715,促死
716,促进
717,俄罗斯
718,俗话说
719,保存
720,保守
721,保安
722,保密
723,保护
724,保持
725,保留
726,保證
727,保護
728,保证
729,保重
730,保险
731,保障
732,保險
733,信仰
734,信任
735,信号
736,信心
737,信念
738,信息
739,信用
740,修复
741,修改
742,修理
743,個小時
744,倒入
745,倒地
746,倒角
747,值得
748,假装
749,假设
750,偏偏
751,偏向
752,偏移
753,做个
754,做事
755,做人
756,做出
757,做到
758,做好
759,做得好
760,做成
761,做法
762,做生意
763,做过
764,做過
765,做饭
766,停下
767,停掉
768,停止
769,停留
770,健康
771,健身
772,健身房
773,偶尔
774,偷偷
775,傳統
776,傷害
777,傻子
778,像是
779,像素
780,價值
781,價格
782,優先
783,優勢
784,優化
785,優秀
786,儿子
787,儿童
788,允許
789,允许
790,元旦
791,元素
792,兄弟
793,兄弟姐妹
794,充分
795,充实
796,充满
797,充滿
798,充电
799,充足
800,先來
801,先先
802,先到
803,先去
804,先是
805,先来
806,先生
807,先看
808,先給
809,先行
810,先走
811,先进
812,先進
813,光光
814,光学
815,光影
816,光明
817,光线
818,克斯
819,免費
820,免费
821,兒子
822,入侵
823,入口
824,入学
825,入手
826,入行
827,內卷
828,內容
829,內心
830,內絕
831,內部
832,全世界
833,全力
834,全国
835,全國
836,全场
837,全天
838,全家
839,全新
840,全是
841,全民
842,全球
843,全程
844,全网
845,全身
846,全部都是
847,全都
848,全面
849,兩人
850,兩位
851,兩塊
852,兩天
853,兩年
854,兩次
855,兩種
856,八个
857,八九
858,八五
859,八個
860,八十
861,八小時
862,八百
863,八角
864,公主
865,公交
866,公人
867,公众
868,公信
869,公共
870,公务员
871,公司
872,公园
873,公園
874,公子
875,公室
876,公布
877,公平
878,公开
879,公民
880,公测
881,公然
882,公益
883,公眾
884,公資
885,公资
886,公路
887,公里
888,公開
889,六个
890,六個
891,六十
892,六岁
893,六次
894,六点
895,六點
896,共产
897,共享
898,共同
899,共和
900,共有
901,共识
902,关心
903,关掉
904,关注
905,关注度
906,关系
907,关节
908,关键
909,关门
910,兴趣
911,其他人
912,其實
913,具体
914,具有
915,具體
916,典型
917,兼容
918,兼职
919,内卷
920,内存
921,内容
922,内心
923,内据
924,内部
925,再也
926,再來
927,再来
928,再来点
929,再次
930,再用
931,再見
932,再见
933,写下
934,农业
935,农村
936,农民
937,冠军
938,冰箱
939,冲击
940,决定
941,决心
942,冷头
943,冷排
944,冷水
945,冷液
946,冷静
947,准备
948,准确
949,凌晨
950,减少
951,凝固
952,几个
953,几乎
954,几位
955,几分
956,几十
957,几十年
958,几千
959,几块
960,几天
961,几家
962,几年
963,几期
964,几条
965,几根
966,几次
967,几点
968,凶手
969,出不来
970,出个
971,出事
972,出來
973,出入
974,出厂
975,出去
976,出发
977,出口
978,出台
979,出品
980,出售
981,出差
982,出手
983,出水口
984,出狱
985,出现
986,出現
987,出生
988,出發
989,出租房
990,出自
991,出行
992,出路
993,出身
994,出过
995,出锅
996,出門
997,出门
998,击败
999,分为
1000,分享
1001,分体
1002,分体式
1003,分分
1004,分別
1005,分到
1006,分割
1007,分化
1008,分子
1009,分工
1010,分开
1011,分得
1012,分成
1013,分手
1014,分数
1015,分析
1016,分泌
1017,分离
1018,分给
1019,分裂
1020,分身
1021,分辨
1022,分配
1023,分鐘
1024,分钟
1025,分開
1026,分離
1027,切下去
1028,切割
1029,切口
1030,切开
1031,切成
1032,切换
1033,切断
1034,刚刚
1035,刚好
1036,刚才
1037,创业
1038,创意
1039,创新
1040,创造
1041,初期
1042,判定
1043,判断
1044,別人
1045,利息
1046,利用
1047,利益
1048,别哭
1049,别忘了
1050,别看
1051,别跑
1052,到位
1053,到处
1054,到头
1055,到家
1056,到底
1057,到手
1058,到时候
1059,到来
1060,到达
1061,制作
1062,制定
1063,制度
1064,制裁
1065,制装
1066,制造
1067,刷新
1068,刷牙
1069,刺激
1070,則是
1071,前一天
1072,前两天
1073,前側
1074,前天
1075,前往
1076,前提
1077,前方
1078,前期
1079,前段
1080,前段时间
1081,前线
1082,前置
1083,前辈
1084,前面
1085,前餐
1086,剛剛
1087,剛好
1088,剛才
1089,剧情
1090,剩下
1091,剩余
1092,剪刀
1093,剪辑
1094,割破
1095,割裂
1096,創作
1097,創意
1098,創業
1099,創造
1100,力度
1101,力气
1102,力量
1103,劝说
1104,劝退
1105,办事
1106,办公
1107,办公室
1108,办法
1109,功夫
1110,功能
1111,功能性
1112,加一
1113,加上
1114,加个
1115,加入
1116,加加
1117,加大
1118,加工
1119,加强
1120,加快
1121,加水
1122,加油
1123,加深
1124,加点
1125,加热
1126,加班
1127,加班费
1128,加速
1129,加重
1130,加長
1131,动作
1132,动力
1133,动态
1134,动手
1135,动机
1136,动漫
1137,动物
1138,动画
1139,动静
1140,助理
1141,努力
1142,劳动
1143,劳动力
1144,劳动法
1145,劳动者
1146,勇敢
1147,動作
1148,動力
1149,動物
1150,動畫
1151,勞動
1152,勞動力
1153,勞動者
1154,包含
1155,包子
1156,包括
1157,包村
1158,包装
1159,包裹
1160,化妆
1161,化身
1162,北上
1163,北京
1164,匹配
1165,区分
1166,区别
1167,区域
1168,医生
1169,医疗
1170,医疗保险
1171,医院
1172,區別
1173,區域
1174,十一
1175,十七
1176,十万
1177,十三
1178,十个
1179,十二
1180,十五
1181,十几
1182,十几年
1183,十分
1184,十分钟
1185,十块钱
1186,十年
1187,十点
1188,十足
1189,千万
1190,千元
1191,千年
1192,千萬
1193,升級
1194,升级
1195,半个
1196,半個
1197,半夜
1198,半天
1199,半小时
1200,半年
1201,华为
1202,协议
1203,协调
1204,单一
1205,单位
1206,单独
1207,单纯
1208,单身
1209,卖出
1210,南方
1211,博主
1212,博士
1213,卡住
1214,卡巴
1215,卡掉
1216,卧室
1217,卫生
1218,印度
1219,印象
1220,危機
1221,危险
1222,危險
1223,即可
1224,即将
1225,却是
1226,卸下来
1227,卸掉
1228,厂家
1229,历史
1230,厉害
1231,压制
1232,压力
1233,压疑
1234,压缩
1235,厕所
1236,厚度
1237,原价
1238,原來
1239,原先
1240,原则
1241,原创
1242,原味
1243,原因
1244,原地
1245,原始
1246,原工
1247,原有
1248,原本
1249,原来
1250,原理
1251,原生
1252,原谅
1253,厨房
1254,厲害
1255,去世
1256,去年
1257,去掉
1258,去过
1259,参与
1260,参加
1261,参照物
1262,参考
1263,参观
1264,參加
1265,友好
1266,双手
1267,双方
1268,双舱
1269,反击
1270,反复
1271,反对
1272,反应
1273,反思
1274,反應
1275,反抗
1276,反映
1277,反正
1278,反派
1279,发了
1280,发出
1281,发射
1282,发展
1283,发布
1284,发布会
1285,发挥
1286,发热
1287,发生
1288,发电
1289,发言
1290,发达
1291,叔叔
1292,取代
1293,取得
1294,取決
1295,取消
1296,受不了
1297,受伤
1298,受害者
1299,受热
1300,变化
1301,变得
1302,变成
1303,叙事
1304,口中
1305,口号
1306,口味
1307,口子
1308,口感
1309,口气
1310,口罩
1311,口语
1312,古代
1313,另一面
1314,只不过
1315,只会
1316,只想
1317,只會
1318,只能
1319,叫做
1320,可不
1321,可不可以
1322,可不是
1323,可乐
1324,可别
1325,可怕
1326,可怜
1327,可惜
1328,可愛的
1329,可控
1330,可爱
1331,可能性
1332,台上
1333,台子
1334,台词
1335,右侧
1336,右手
1337,右手边
1338,右腿
1339,右边
1340,右邊
1341,司机
1342,吃个
1343,吃掉
1344,吃点
1345,吃饭
1346,吃饱
1347,各個
1348,各国
1349,各地
1350,各大
1351,各种各样
1352,各種
1353,各类
1354,合作
1355,合同
1356,合格
1357,合法
1358,合理
1359,合适
1360,合適
1361,同一
1362,同一个
1363,同事
1364,同学
1365,同學
1366,同年
1367,同志
1368,同情
1369,同意
1370,同時
1371,同期
1372,同样
1373,同樣
1374,同款
1375,同步
1376,同等
1377,同行
1378,名为
1379,名人
1380,名企
1381,名叫
1382,名字
1383,名片
1384,后台
1385,后悔
1386,后期
1387,后来
1388,后果
1389,后续
1390,后面
1391,向上
1392,向下
1393,向前
1394,否定
1395,否认
1396,听不懂
1397,听到
1398,听懂
1399,听见
1400,听说
1401,听过
1402,吸引
1403,吸收
1404,吸氣
1405,吸血
1406,呈现
1407,告訴
1408,告诉
1409,员工
1410,周一
1411,周五
1412,周六
1413,周围
1414,周圍
1415,周日
1416,周期
1417,周末
1418,周边
1419,味道
1420,呼吸
1421,呼氣
1422,命令
1423,命运
1424,命運
1425,和平
1426,咖啡
1427,咱們
1428,品牌
1429,品类
1430,品质
1431,哇塞
1432,哈哈哈哈
1433,員工
1434,哥们
1435,哥哥
1436,哪個
1437,哪兒
1438,哪有
1439,哪来
1440,哪裡
1441,哭泣
1442,哲伦
1443,唐朝
1444,唯一
1445,唱歌
1446,商业
1447,商人
1448,商品
1449,商场
1450,商家
1451,商店
1452,商業
1453,商量
1454,啊啊啊
1455,啟動
1456,喜歡
1457,喝水
1458,喝点
1459,喝酒
1460,單位
1461,單純
1462,嘗試
1463,嘴上
1464,嘴唇
1465,嘴巴
1466,嘿嘿嘿
1467,嚴重
1468,四个
1469,四五
1470,四位
1471,四個
1472,四十
1473,四十五
1474,四周
1475,四大
1476,四季
1477,四川
1478,四年
1479,四种
1480,四點
1481,回事
1482,回來
1483,回到
1484,回去
1485,回報
1486,回复
1487,回头
1488,回家
1489,回家吧
1490,回应
1491,回归
1492,回忆
1493,回来
1494,回答
1495,回落
1496,回路
1497,因素
1498,团队
1499,困住
1500,困境
1501,困惑
1502,困扰
1503,困难
1504,困難
1505,围绕
1506,固化
1507,固定
1508,国内
1509,国外
1510,国家
1511,国际
1512,图文
1513,图片
1514,圈子
1515,國內
1516,國外
1517,國家
1518,國際
1519,團隊
1520,土地
1521,土豆
1522,在乎
1523,在内
1524,在外
1525,在家
1526,在意
1527,在我看来
1528,在手
1529,在生活中
1530,地上
1531,地下
1532,地产
1533,地位
1534,地区
1535,地區
1536,地去
1537,地图
1538,地址
1539,地板
1540,地点
1541,地球
1542,地瓜
1543,地铁
1544,地面
1545,场上
1546,场景
1547,场面
1548,均匀
1549,坐下
1550,坐在
1551,坐坐
1552,块钱
1553,坚决
1554,坚定
1555,坚持
1556,垂直
1557,垃圾
1558,型号
1559,城市
1560,執行
1561,培养
1562,培長
1563,培養
1564,基因
1565,基地
1566,基操
1567,基数
1568,基本
1569,基本上
1570,基础
1571,基礎
1572,基金
1573,堅持
1574,堆积
1575,報仇
1576,報告
1577,場所
1578,場景
1579,堵住
1580,塑料
1581,填满
1582,墙上
1583,墙壁
1584,增加
1585,增大
1586,增强
1587,增長
1588,增长
1589,壓力
1590,壓縮
1591,士兵
1592,声音
1593,处于
1594,处理
1595,复杂
1596,复活
1597,夏天
1598,外交
1599,外人
1600,外企
1601,外出
1602,外加
1603,外卖
1604,外国
1605,外国人
1606,外國
1607,外國人
1608,外地
1609,外层
1610,外星
1611,外界
1612,外表
1613,外观
1614,外賣
1615,外边
1616,外部
1617,外面
1618,多一点
1619,多万
1620,多个
1621,多久
1622,多人
1623,多位
1624,多余
1625,多元
1626,多公里
1627,多多
1628,多天
1629,多家
1630,多年
1631,多数
1632,多期
1633,多次
1634,多种
1635,多重
1636,多钱
1637,大不了
1638,大事
1639,大于
1640,大人
1641,大众
1642,大会
1643,大体
1644,大佬
1645,大公
1646,大利
1647,大力
1648,大功
1649,大卡
1650,大厂
1651,大叔
1652,大名
1653,大哥
1654,大哭
1655,大地
1656,大块
1657,大型
1658,大城市
1659,大声
1660,大多
1661,大多数
1662,大大
1663,大头
1664,大好
1665,大妈
1666,大学
1667,大学生
1668,大學
1669,大小
1670,大局
1671,大山
1672,大工
1673,大师
1674,大幅
1675,大手
1676,大招
1677,大概
1678,大气
1679,大汉
1680,大海
1681,大火
1682,大爷
1683,大片
1684,大王
1685,大理
1686,大盘
1687,大神
1688,大約
1689,大胆
1690,大脑
1691,大腦
1692,大腿
1693,大致
1694,大街
1695,大规模
1696,大赛
1697,大部分
1698,大都
1699,大量
1700,大門
1701,大门
1702,大阪
1703,大陆
1704,大陸
1705,天一
1706,天上
1707,天下
1708,天主
1709,天亮
1710,天后
1711,天地
1712,天堂
1713,天大
1714,天天
1715,天子
1716,天才
1717,天气
1718,天然
1719,天真
1720,天空
1721,天花
1722,天赋
1723,太久
1724,太多
1725,太大
1726,太太
1727,太好了
1728,太子
1729,太小
1730,太少
1731,太快
1732,太棒了
1733,太爽了
1734,太累
1735,太美
1736,太行
1737,太贵
1738,太过
1739,太阳
1740,太陽
1741,太难
1742,太香
1743,太高
1744,夫人
1745,夫妇
1746,夫妻
1747,失业
1748,失去
1749,失控
1750,失敗
1751,失望
1752,失業
1753,失误
1754,失败
1755,头上
1756,头像
1757,头发
1758,头脑
1759,头部
1760,奇奇怪怪
1761,奇妙
1762,奇怪
1763,奇迹
1764,奋斗
1765,奔跑
1766,套路
1767,套餐
1768,女主人
1769,女人
1770,女儿
1771,女兒
1772,女友
1773,女士
1774,女子
1775,女孩
1776,女孩子
1777,女性
1778,女朋友
1779,女生
1780,奶奶
1781,奶油
1782,奶茶
1783,她家
1784,好不好
1785,好不容易
1786,好久
1787,好事
1788,好人
1789,好几个
1790,好友
1791,好吃
1792,好喝
1793,好处
1794,好多
1795,好奇
1796,好好
1797,好家伙
1798,好心
1799,好点
1800,好爽
1801,好玩
1802,好用
1803,好看
1804,好笑
1805,好累
1806,好香
1807,如今
1808,如果说
1809,妈呀
1810,妈妈
1811,妖怪
1812,妥协
1813,妹妹
1814,妻子
1815,始終
1816,始终
1817,姐姐
1818,姑娘
1819,委屈
1820,姿勢
1821,威信
1822,威力
1823,威胁
1824,威脅
1825,娃娃
1826,娛樂
1827,娱乐
1828,媒体
1829,媒體
1830,媽媽
1831,嫌弃
1832,嫌疑
1833,子女
1834,孔位
1835,字幕
1836,存在
1837,存款
1838,存量
1839,孤独
1840,孤立
1841,学习
1842,学会
1843,学到
1844,学学
1845,学家
1846,学术
1847,学校
1848,学生
1849,学说话
1850,学长
1851,学院
1852,孵化
1853,學校
1854,學生
1855,學習
1856,它会
1857,宇宙
1858,守护
1859,安全
1860,安全感
1861,安心
1862,安慰
1863,安排
1864,安装
1865,安静
1866,完全
1867,完善
1868,完成
1869,完整
1870,完看
1871,完美
1872,完蛋
1873,宗教
1874,官方
1875,官网
1876,宙斯
1877,定义
1878,定位
1879,定制
1880,宝塔
1881,宝宝
1882,宝贝
1883,实力
1884,实在
1885,实实
1886,实施
1887,实现
1888,实行
1889,实话
1890,实际
1891,实际上
1892,实验
1893,实验室
1894,审美
1895,客人
1896,客廳
1897,客戶
1898,客户
1899,客服
1900,客气
1901,客观
1902,宣传
1903,宣布
1904,宣言
1905,室内
1906,害怕
1907,害死
1908,家中
1909,家人
1910,家伙
1911,家家
1912,家庭
1913,家族
1914,家裡
1915,家里
1916,家長
1917,家长
1918,容易
1919,容量
1920,寂寞
1921,密封
1922,密封性
1923,密度
1924,密码
1925,密集
1926,富人
1927,富豪
1928,富贵
1929,實力
1930,實在
1931,實施
1932,實現
1933,實習
1934,實行
1935,實話
1936,實質
1937,實際
1938,實際上
1939,对不起
1940,对付
1941,对外
1942,对应
1943,对手
1944,对抗
1945,对此
1946,对照
1947,对话
1948,对象
1949,对面
1950,寻找
1951,导演
1952,导热
1953,导电
1954,导致
1955,封信
1956,封闭
1957,射手
1958,将会
1959,将来
1960,将近
1961,專業
1962,專門
1963,尊重
1964,對方
1965,對象
1966,對面
1967,導致
1968,小事
1969,小于
1970,小人
1971,小伙
1972,小伙伴
1973,小区
1974,小吃
1975,小哥
1976,小型
1977,小天
1978,小女孩
1979,小姐
1980,小姐姐
1981,小子
1982,小学
1983,小学生
1984,小孩
1985,小孩子
1986,小小
1987,小小的
1988,小心
1989,小手
1990,小时
1991,小时候
1992,小時
1993,小朋友
1994,小河
1995,小火
1996,小王
1997,小男孩
1998,小白
1999,小米
2000,小美
2001,小腿
2002,小菜
2003,小葱
2004,小说
2005,小龙
2006,少年
2007,少爷
2008,尝尝
2009,尝试
2010,尤其
2011,就业
2012,就别
2013,就够
2014,就會
2015,就業
2016,就給
2017,就行
2018,就行了
2019,就让
2020,尴尬
2021,尺寸
2022,尼亚
2023,尽可能
2024,尽量
2025,屁股
2026,层出不穷
2027,层层
2028,层级
2029,层面
2030,居住
2031,居民
2032,居然
2033,屏幕
2034,展开
2035,展现
2036,展示
2037,属于
2038,属性
2039,山河
2040,岗位
2041,崩塌
2042,崩潰
2043,工业
2044,工人
2045,工位
2046,工作
2047,工作制
2048,工作室
2049,工作效率
2050,工具
2051,工厂
2052,工地
2053,工廠
2054,工業
2055,工程
2056,工資
2057,工资
2058,左右
2059,左手
2060,左腿
2061,左边
2062,左邊
2063,巧克力
2064,巧合
2065,巨人
2066,巨大
2067,巨头
2068,差一点
2069,差不多
2070,差別
2071,差别
2072,差异
2073,差点
2074,差距
2075,差點
2076,市场
2077,市場
2078,市民
2079,市面上
2080,师傅
2081,希望
2082,帕尼
2083,帕尼尼
2084,帝國
2085,带上
2086,带来
2087,带给
2088,带走
2089,帮助
2090,帮忙
2091,帶來
2092,常常
2093,常见
2094,常规
2095,幫助
2096,干什么
2097,干净
2098,干吗
2099,干嘛
2100,干扰
2101,干掉
2102,干杯
2103,干活
2104,平台
2105,平和
2106,平均
2107,平常
2108,平平
2109,平日
2110,平时
2111,平時
2112,平等
2113,平米
2114,平行
2115,平行线
2116,平衡
2117,平静
2118,平靜
2119,年代
2120,年初
2121,年前
2122,年头
2123,年度
2124,年紀
2125,年纪
2126,年轻
2127,年轻人
2128,年齡
2129,年龄
2130,幸好
2131,幸福
2132,幸运
2133,幹什麼
2134,幹到
2135,幹嘛
2136,幹活
2137,幻想
2138,幾乎
2139,幾住
2140,幾個
2141,幾分鐘
2142,幾塊
2143,幾天
2144,幾年
2145,幾百塊
2146,幾點
2147,广东
2148,广告
2149,广场
2150,广州
2151,广阔
2152,床上
2153,应对
2154,应有
2155,应用
2156,应该
2157,底下
2158,底层
2159,底线
2160,底部
2161,店家
2162,店里
2163,废物
2164,废话
2165,度出
2166,度角
2167,延伸
2168,延續
2169,延续
2170,延迟
2171,延遲
2172,延长
2173,延长线
2174,建立
2175,建筑
2176,建築
2177,建設
2178,建議
2179,建议
2180,建设
2181,建造
2182,开出
2183,开发
2184,开口
2185,开启
2186,开头
2187,开学
2188,开展
2189,开心
2190,开放
2191,开机
2192,开来
2193,开枪
2194,开玩笑
2195,开箱
2196,开车
2197,开门
2198,开除
2199,引入
2200,引发
2201,引爆
2202,引起
2203,弟弟
2204,弯折
2205,弯管
2206,強制
2207,強度
2208,強烈
2209,強的
2210,強調
2211,強迫
2212,弹幕
2213,强化
2214,强国
2215,强大
2216,强度
2217,强烈
2218,强调
2219,强迫症
2220,归根结底
2221,当下
2222,当中
2223,当作
2224,当初
2225,当前
2226,当天
2227,当年
2228,当成
2229,当时
2230,当晚
2231,形势
2232,形容
2233,形式
2234,形态
2235,形成
2236,形状
2237,形象
2238,形象设计
2239,影像
2240,影响
2241,影响力
2242,影子
2243,影片
2244,影響
2245,彻底
2246,往前
2247,往后
2248,往往
2249,待遇
2250,很多很多
2251,很大
2252,很小
2253,很少
2254,很强
2255,很快
2256,很棒
2257,很漂亮
2258,很累
2259,很长
2260,很难
2261,很難
2262,律师
2263,律師
2264,得不到
2265,得主
2266,得出
2267,得到
2268,得意
2269,得知
2270,從來
2271,從此
2272,循环
2273,循環
2274,微信
2275,微博
2276,微微
2277,微星
2278,微笑
2279,德国
2280,德國
2281,徹底
2282,心中
2283,心底
2284,心态
2285,心思
2286,心情
2287,心想
2288,心意
2289,心態
2290,心理
2291,心疼
2292,心裡
2293,心跳
2294,心里
2295,必定
2296,必然
2297,必要
2298,必須
2299,必须
2300,忍不住
2301,忍受
2302,忘记
2303,忙碌
2304,快乐
2305,快快
2306,快来
2307,快樂
2308,快点
2309,快要
2310,快递
2311,快速
2312,快點
2313,忽略
2314,忽视
2315,怀疑
2316,态度
2317,怎么回事
2318,怎樣
2319,怎麼
2320,怎麼樣
2321,思念
2322,思想
2323,思維
2324,思维
2325,思考
2326,思路
2327,性价比
2328,性格
2329,性能
2330,性质
2331,怪不得
2332,怪怪
2333,总会
2334,总共
2335,总是
2336,总有
2337,总算
2338,总结
2339,总统
2340,总量
2341,恐怕
2342,恐怖
2343,恐惧
2344,恐懼
2345,恢复
2346,恭喜
2347,恰恰
2348,恶心
2349,恶意
2350,患者
2351,您好
2352,情况
2353,情形
2354,情感
2355,情況
2356,情節
2357,情緒
2358,情绪
2359,惊喜
2360,惊讶
2361,惡性
2362,惨烈
2363,惯性
2364,想不到
2365,想像
2366,想到
2367,想想
2368,想来
2369,想法
2370,想着
2371,想要
2372,想象
2373,想起
2374,想过
2375,想過
2376,愉快
2377,意义
2378,意味
2379,意味着
2380,意味著
2381,意外
2382,意志
2383,意思
2384,意義
2385,意见
2386,意識
2387,意识
2388,感兴趣
2389,感到
2390,感动
2391,感受
2392,感受一下
2393,感情
2394,感染
2395,感知
2396,感觉
2397,感謝
2398,感谢
2399,愤怒
2400,愿意
2401,態度
2402,慢慢
2403,懂不懂
2404,懂得
2405,應該
2406,懒得
2407,懷疑
2408,成为
2409,成像
2410,成分
2411,成功
2412,成员
2413,成家
2414,成就
2415,成就感
2416,成年
2417,成年人
2418,成本
2419,成果
2420,成為
2421,成熟
2422,成立
2423,成績
2424,成绩
2425,成都
2426,成長
2427,成长
2428,我下
2429,我会
2430,我來
2431,我俩
2432,我先
2433,我剛
2434,我国
2435,我國
2436,我妈
2437,我媽
2438,我媽媽
2439,我学
2440,我家
2441,我心
2442,我怕
2443,我想
2444,我放
2445,我會
2446,我本來
2447,我来
2448,我求
2449,我現
2450,我用
2451,我給
2452,我练
2453,我能
2454,我行
2455,我要
2456,我覺
2457,我见
2458,我该
2459,我越
2460,我還
2461,我错
2462,我點
2463,或者说
2464,或許
2465,或许
2466,战争
2467,战场
2468,战士
2469,战斗
2470,战略
2471,房价
2472,房地产
2473,房子
2474,房租
2475,房間
2476,所得
2477,所有人
2478,所謂
2479,所说
2480,所谓
2481,手上
2482,手中
2483,手动
2484,手工
2485,手指
2486,手掌
2487,手术
2488,手机
2489,手機
2490,手段
2491,手法
2492,手臂
2493,手艺
2494,手裡
2495,手里
2496,打下
2497,打个
2498,打個
2499,打出
2500,打击
2501,打到
2502,打卡
2503,打壓
2504,打工
2505,打开
2506,打成
2507,打打
2508,打扮
2509,打扰
2510,打折
2511,打招呼
2512,打断
2513,打架
2514,打死
2515,打游戏
2516,打电话
2517,打破
2518,打碎
2519,打算
2520,打车
2521,打过
2522,打造
2523,打野
2524,打開
2525,扣具
2526,执行
2527,扩张
2528,批判
2529,批評
2530,批评
2531,找到
2532,找回
2533,承受
2534,承担
2535,承擔
2536,承認
2537,承认
2538,技巧
2539,技术
2540,技能
2541,技術
2542,把手
2543,抑制
2544,抓住
2545,投入
2546,投币
2547,投資
2548,投资
2549,投降
2550,抗争
2551,抗拒
2552,折磨
2553,报名
2554,报告
2555,报复
2556,报警
2557,报道
2558,报销
2559,披露
2560,抱怨
2561,抱歉
2562,抽出
2563,抽屉
2564,抽象
2565,担心
2566,拆掉
2567,拆解
2568,拉到
2569,拉开
2570,拉满
2571,拍摄
2572,拍照
2573,拒絕
2574,拒绝
2575,拓展
2576,拔掉
2577,拜拜
2578,拥有
2579,拼命
2580,拿下
2581,拿出
2582,拿到
2583,拿掉
2584,拿来
2585,拿走
2586,持續
2587,持续
2588,挂到
2589,指出
2590,指南
2591,指向
2592,指导
2593,指数
2594,指望
2595,指标
2596,指示
2597,按摩
2598,按钮
2599,挑战
2600,挑戰
2601,挑选
2602,挺好吃
2603,挺快
2604,捅进
2605,换个
2606,换成
2607,换来
2608,据点
2609,据说
2610,授权
2611,掌控
2612,掌握
2613,掏出
2614,排位
2615,排出来
2616,排名
2617,排查
2618,排除
2619,採取
2620,採用
2621,採訪
2622,探索
2623,接上
2624,接下
2625,接下来
2626,接到
2627,接受
2628,接口
2629,接头
2630,接收
2631,接著
2632,接触
2633,接觸
2634,接近
2635,控制
2636,推出
2637,推到
2638,推动
2639,推断
2640,推测
2641,推演
2642,推理
2643,推荐
2644,推薦
2645,推行
2646,推进
2647,推進
2648,措施
2649,描述
2650,提供
2651,提出
2652,提到
2653,提前
2654,提升
2655,提示
2656,提起
2657,提车
2658,提醒
2659,提高
2660,損失
2661,搜索
2662,搞定
2663,搞清楚
2664,搞砸
2665,搞笑
2666,搭配
2667,摄影
2668,摆在
2669,摆脱
2670,摩托
2671,播出
2672,播放
2673,擁有
2674,操作
2675,擔心
2676,擴大
2677,擴張
2678,擺爛
2679,支付
2680,支出
2681,支持
2682,支援
2683,支撐
2684,支撑
2685,支架
2686,收入
2687,收到
2688,收回
2689,收尾
2690,收拾
2691,收益
2692,收看
2693,收縮
2694,收获
2695,收藏
2696,收费
2697,收集
2698,改了
2699,改变
2700,改善
2701,改成
2702,改良
2703,改變
2704,改造
2705,改革
2706,攻击
2707,攻擊
2708,放上去
2709,放下
2710,放假
2711,放到
2712,放回
2713,放在
2714,放大
2715,放学
2716,放开
2717,放弃
2718,放心
2719,放手
2720,放松
2721,放棄
2722,放着
2723,放置
2724,放过
2725,政府
2726,政治
2727,政策
2728,故事
2729,故意
2730,效应
2731,效果
2732,效率
2733,效率高
2734,效益
2735,效能
2736,敌人
2737,敌方
2738,敏感
2739,教会
2740,教学
2741,教师
2742,教律
2743,教授
2744,教教
2745,教程
2746,教练
2747,教给
2748,教育
2749,教训
2750,教過
2751,散步
2752,散热
2753,散热器
2754,数字
2755,数学
2756,数据
2757,数量
2758,整个
2759,整体
2760,整個
2761,整天
2762,整整
2763,整条
2764,整理
2765,整體
2766,數人
2767,數據
2768,數量
2769,文件
2770,文化
2771,文字
2772,文明
2773,文章
2774,料理
2775,斜角
2776,新人
2777,新冠
2778,新型
2779,新年
2780,新手
2781,新机
2782,新法
2783,新浪
2784,新生
2785,新疆
2786,新聞
2787,新闻
2788,新鮮
2789,新鲜
2790,方便
2791,方向
2792,方式
2793,方形
2794,方案
2795,方法
2796,方面
2797,旁边
2798,旁邊
2799,旅游
2800,旅行
2801,旅馆
2802,旗舰
2803,无人
2804,无人机
2805,无关
2806,无奈
2807,无意
2808,无所谓
2809,无效
2810,无敌
2811,无数
2812,无比
2813,无法
2814,无聊
2815,无论是
2816,无限
2817,无需
2818,无非
2819,日子
2820,日常
2821,日常生活
2822,日文
2823,日本
2824,早上
2825,早安
2826,早就
2827,早已
2828,早早
2829,早期
2830,早点
2831,早餐
2832,早饭
2833,早點
2834,时代
2835,时光
2836,时刻
2837,时期
2838,时间
2839,时间段
2840,明天
2841,明年
2842,明明
2843,明星
2844,明显
2845,明朝
2846,明白
2847,明确
2848,明确提出
2849,明確
2850,明顯
2851,星星
2852,星期
2853,星期天
2854,星球
2855,昨天
2856,昨天晚上
2857,昨日
2858,昨晚
2859,是从
2860,是否
2861,是因为
2862,是非
2863,显卡
2864,显得
2865,显然
2866,显现
2867,显示
2868,時代
2869,時刻
2870,時期
2871,晚安
2872,晚期
2873,晚餐
2874,晚饭
2875,普通
2876,普通人
2877,普遍
2878,景点
2879,景色
2880,景象
2881,智力
2882,智慧
2883,智能
2884,暂停
2885,暂时
2886,暫時
2887,暴雨
2888,暴露
2889,曲线
2890,更加
2891,更大
2892,更好
2893,更少
2894,更強
2895,更换
2896,更新
2897,更是
2898,更能
2899,更長
2900,更高
2901,曾經
2902,曾经
2903,最低
2904,最佳
2905,最初
2906,最多
2907,最大
2908,最大化
2909,最好
2910,最小
2911,最強
2912,最强
2913,最後一個
2914,最快
2915,最想
2916,最新
2917,最早
2918,最最
2919,最有
2920,最終
2921,最终
2922,最贵
2923,最近
2924,最长
2925,最高
2926,會不會
2927,會有
2928,會給
2929,會議
2930,月份
2931,月光
2932,月底
2933,月薪
2934,有个
2935,有事
2936,有什麼
2937,有個
2938,有利
2939,有力
2940,有名
2941,有意
2942,有意思
2943,有感
2944,有所
2945,有效
2946,有时候
2947,有毒
2948,有氧
2949,有没有
2950,有点
2951,有点像
2952,有理
2953,有用
2954,有的是
2955,有着
2956,有种
2957,有缘
2958,有趣
2959,有過
2960,有钱
2961,有钱人
2962,有關
2963,有限
2964,有點
2965,朋友
2966,服务
2967,服务员
2968,服務
2969,朝廷
2970,朝鲜
2971,期待
2972,期望
2973,期权
2974,期间
2975,未來
2976,未必
2977,未来
2978,本书
2979,本事
2980,本体
2981,本來
2982,本家
2983,本性
2984,本期
2985,本来
2986,本次
2987,本科
2988,本能
2989,本该
2990,本質
2991,本质
2992,机会
2993,机位
2994,机制
2995,机器
2996,机器人
2997,机极
2998,机构
2999,机械
3000,机箱
3001,机身
3002,杀手
3003,权利
3004,权力
3005,权威
3006,材料
3007,材质
3008,村民
3009,条件
3010,条路
3011,来不及
3012,来个
3013,来临
3014,来信
3015,来切
3016,来到
3017,来回
3018,来来
3019,来来来
3020,来源于
3021,来点
3022,来看
3023,来讲
3024,杯子
3025,极大
3026,极度
3027,极端
3028,极限
3029,构成
3030,枪口
3031,架子
3032,某個
3033,查看
3034,标准
3035,样品
3036,样子
3037,核弹
3038,核心
3039,核武器
3040,核聚变
3041,根據
3042,根本
3043,根本原因
3044,格外
3045,格式
3046,框架
3047,案件
3048,案例
3049,案子
3050,案情
3051,案板
3052,桌上
3053,桌子
3054,桌面
3055,桌面上
3056,條件
3057,梦想
3058,检查
3059,检测
3060,椅子
3061,植物
3062,業務
3063,極其
3064,極大
3065,極度
3066,極端
3067,楼上
3068,楼下
3069,楼梯
3070,概念
3071,概括
3072,概率
3073,構成
3074,標準
3075,模仿
3076,模型
3077,模式
3078,模板
3079,模样
3080,模糊
3081,模組
3082,樣子
3083,横向
3084,機制
3085,機器
3086,機會
3087,權利
3088,權力
3089,欢迎
3090,欣赏
3091,欧洲
3092,欧美
3093,欧酷
3094,欺负
3095,欺骗
3096,歌曲
3097,歡迎
3098,正前
3099,正向
3100,正在
3101,正好
3102,正常
3103,正常人
3104,正式
3105,正当
3106,正确
3107,正確
3108,正经
3109,正面
3110,正题
3111,此事
3112,此人
3113,此刻
3114,此前
3115,此時
3116,此案
3117,步行
3118,步骤
3119,武器
3120,歷史
3121,死亡
3122,死去
3123,残余
3124,残酷
3125,段时间
3126,母亲
3127,母親
3128,每一個
3129,每个
3130,每個
3131,每周
3132,每天
3133,每年
3134,每日
3135,每月
3136,每次
3137,每週
3138,比上
3139,比例
3140,比喻
3141,比如说
3142,比比
3143,比賽
3144,比赛
3145,比起
3146,比較
3147,比较
3148,比较严重
3149,比较简单
3150,比鱼
3151,毕业
3152,毕竟
3153,毛毛
3154,毛病
3155,毛钱
3156,毫不
3157,毫无
3158,民主
3159,民众
3160,民族
3161,民间
3162,气压表
3163,气味
3164,气密
3165,气泡
3166,氛围
3167,氣氛
3168,水上
3169,水下
3170,水中
3171,水位
3172,水冷
3173,水口
3174,水平
3175,水平线
3176,水果
3177,水池
3178,水泵
3179,水润
3180,水管
3181,水箱
3182,水路
3183,水道
3184,水里
3185,水阀
3186,永远
3187,永遠
3188,求求
3189,汉堡
3190,汤汁
3191,決定
3192,決心
3193,汽车
3194,沉重
3195,沉默
3196,沒事
3197,沒人
3198,沒什麼
3199,沒用
3200,沒辦法
3201,沒錢
3202,沒錯
3203,沒關
3204,沙漠
3205,沟通
3206,没事
3207,没人
3208,没什么
3209,没关系
3210,没得
3211,没想
3212,没想到
3213,没法
3214,没用
3215,没能
3216,没见
3217,没说
3218,没钱
3219,没错
3220,河南
3221,治理
3222,沾点
3223,法国
3224,法定
3225,法式
3226,法律
3227,法院
3228,泡泡
3229,波动
3230,波比
3231,波浪
3232,波纹
3233,注定
3234,注意
3235,注意力
3236,注重
3237,洗完
3238,洗澡
3239,活下去
3240,活力
3241,活动
3242,活動
3243,活得
3244,活着
3245,活著
3246,活跃
3247,流动
3248,流水
3249,流流
3250,流浪汉
3251,流程
3252,流行
3253,流速
3254,流量
3255,测试
3256,测量
3257,浪漫
3258,浪费
3259,浴室
3260,浴缸
3261,海外
3262,海底
3263,海景房
3264,海洋
3265,海绵
3266,海邊
3267,海量
3268,海鲜
3269,消化
3270,消失
3271,消息
3272,消耗
3273,消費
3274,消費者
3275,消费
3276,消除
3277,涉及
3278,液体
3279,淘宝
3280,淘汰
3281,深入
3282,深刻
3283,深圳
3284,深夜
3285,深度
3286,深深
3287,混乱
3288,混合
3289,清单
3290,清晨
3291,清晰
3292,清朝
3293,清楚
3294,清水
3295,清洗
3296,清理
3297,清醒
3298,渐少
3299,減少
3300,渠道
3301,温度
3302,温暖
3303,港位
3304,渲染
3305,游戏
3306,游泳
3307,湖北
3308,準備
3309,溫度
3310,满天
3311,满意
3312,满满
3313,满足
3314,滿意
3315,滿足
3316,漂亮
3317,漏水
3318,演员
3319,演員
3320,演唱
3321,演技
3322,演演
3323,演示
3324,漫威
3325,漫画
3326,激动
3327,激发
3328,激烈
3329,火力
3330,火箭
3331,火腿
3332,火锅
3333,灯光
3334,灵魂
3335,炒炒
3336,炒饭
3337,炸掉
3338,炸死
3339,点个
3340,点亮
3341,点击
3342,点点
3343,点菜
3344,点赞
3345,為止
3346,烤串
3347,烤肉
3348,烤鱼
3349,烦恼
3350,烧烤
3351,烧鸡
3352,热度
3353,热情
3354,热水
3355,热源
3356,热爱
3357,热血
3358,热量
3359,热门
3360,热闹
3361,热风枪
3362,無效
3363,無數
3364,無法
3365,無論
3366,焦慮
3367,焦虑
3368,然後他
3369,然後再
3370,然後在
3371,然後就
3372,然後我
3373,然後我們
3374,然後是
3375,照片
3376,照顧
3377,照顾
3378,熟人
3379,熟悉
3380,熬夜
3381,爆发
3382,爆料
3383,爆炸
3384,爬行
3385,爭議
3386,爱好
3387,爱好者
3388,爱情
3389,爱看
3390,父亲
3391,父母
3392,父親
3393,爸妈
3394,爸媽
3395,爸爸妈妈
3396,爺爺
3397,版图
3398,版本
3399,版权
3400,牌子
3401,牙齿
3402,牛奶
3403,牛排
3404,牛肉
3405,牛马
3406,物体
3407,物品
3408,物理
3409,物質
3410,物质
3411,特別
3412,特地
3413,特定
3414,特征
3415,特意
3416,特朗普
3417,特權
3418,特殊
3419,特点
3420,特色
3421,犯罪
3422,状况
3423,状态
3424,狀態
3425,独立
3426,独自
3427,猜测
3428,猪肉
3429,猫猫
3430,獨特
3431,獨立
3432,獲得
3433,率先
3434,玉米
3435,王國
3436,王子
3437,玩儿
3438,玩具
3439,玩吧
3440,玩家
3441,玩得
3442,玩意
3443,玩意儿
3444,玩手
3445,玩法
3446,玩游戏
3447,玩玩
3448,玩笑
3449,玩耍
3450,环境
3451,环节
3452,现代
3453,现场
3454,现实
3455,现有
3456,现状
3457,现象
3458,现金
3459,玻璃
3460,現場
3461,現實
3462,現象
3463,球形
3464,理事
3465,理念
3466,理性
3467,理想
3468,理由
3469,理解
3470,理論
3471,理论
3472,環境
3473,環節
3474,甚麼
3475,甜甜
3476,甜蜜
3477,生产
3478,生产力
3479,生命
3480,生存
3481,生意
3482,生成
3483,生日
3484,生气
3485,生氣
3486,生活
3487,生物
3488,生理
3489,生生
3490,生產
3491,生病
3492,生育
3493,生育率
3494,生长
3495,產品
3496,產生
3497,用于
3498,用人
3499,用到
3500,用力
3501,用心
3502,用戶
3503,用户
3504,用手
3505,用过
3506,申請
3507,申请
3508,电商
3509,电子
3510,电影
3511,电梯
3512,电池
3513,电源
3514,电脑
3515,电视
3516,电话
3517,男主人
3518,男人
3519,男女
3520,男子
3521,男孩
3522,男孩子
3523,男性
3524,男生
3525,画质
3526,画面
3527,留下
3528,留下来
3529,留个
3530,留在
3531,留言
3532,畢業
3533,畢業生
3534,畢竟
3535,番茄
3536,當下
3537,當中
3538,當你
3539,當地
3540,當年
3541,當成
3542,當時
3543,當然
3544,疑问
3545,疫情
3546,疫苗
3547,疯狂
3548,疲劳
3549,痕迹
3550,痛苦
3551,登上
3552,登场
3553,發出
3554,發展
3555,發布
3556,發現
3557,發生
3558,發起
3559,白人
3560,白刃
3561,白天
3562,白毛
3563,白白
3564,白色
3565,百万
3566,百亿
3567,百分
3568,百分之
3569,百分之百
3570,百分百
3571,百姓
3572,的關
3573,皇帝
3574,皮肤
3575,皮膚
3576,监管
3577,盖子
3578,盗版
3579,盘子
3580,目光
3581,目前
3582,目标
3583,目標
3584,目的
3585,直播
3586,直管
3587,直观
3588,直觉
3589,直角
3590,直说
3591,相互
3592,相亲
3593,相似
3594,相信
3595,相关
3596,相反
3597,相同
3598,相处
3599,相对
3600,相對
3601,相当
3602,相当于
3603,相應
3604,相机
3605,相比
3606,相當
3607,相關
3608,省钱
3609,看一看
3610,看上去
3611,看不到
3612,看不懂
3613,看不见
3614,看不起
3615,看似
3616,看來
3617,看出
3618,看吧
3619,看好
3620,看待
3621,看得
3622,看得出
3623,看得出来
3624,看成
3625,看来
3626,看法
3627,看着
3628,看著
3629,看見
3630,看见
3631,看起
3632,看起来
3633,看过
3634,看過
3635,真实
3636,真實
3637,真心
3638,真是
3639,真正
3640,真的假
3641,真相
3642,眼中
3643,眼光
3644,眼前
3645,眼泪
3646,眼看
3647,眼眼
3648,眼睛
3649,眼神
3650,眼裡
3651,眼里
3652,眼镜
3653,着急
3654,睡眠
3655,睡着
3656,睡覺
3657,睡觉
3658,睡醒
3659,瞄准
3660,瞬間
3661,瞬间
3662,瞭解
3663,矛盾
3664,知名
3665,知識
3666,知识
3667,知识点
3668,短期
3669,石头
3670,石頭
3671,研究
3672,破产
3673,破坏
3674,破壞
3675,破解
3676,硬件
3677,硬盘
3678,硬管
3679,确保
3680,确定
3681,确实
3682,确认
3683,碎屑
3684,碰到
3685,確保
3686,確定
3687,確實
3688,確認
3689,示范
3690,礼物
3691,礼貌
3692,社交
3693,社会
3694,社会主义
3695,社出
3696,社区
3697,社會
3698,社群
3699,神仙
3700,神器
3701,神奇
3702,神社
3703,神秘
3704,神經
3705,神经
3706,神经病
3707,禁止
3708,福利
3709,离开
3710,离职
3711,离谱
3712,私人
3713,私信
3714,种种
3715,科学
3716,科學
3717,科技
3718,科目
3719,科研
3720,秘书
3721,秘密
3722,租房
3723,积极
3724,称为
3725,称之为
3726,移动
3727,移植
3728,移民
3729,稀奇
3730,程序
3731,程度
3732,稍后
3733,稍微
3734,稳定
3735,稿位
3736,積極
3737,穩定
3738,究竟
3739,空中
3740,空压机
3741,空气
3742,空氣
3743,空洞
3744,空調
3745,空間
3746,空间
3747,穿着
3748,穿著
3749,穿越
3750,突出
3751,突然
3752,突破
3753,窗口
3754,窗外
3755,窗户
3756,立刻
3757,立即
3758,立场
3759,立法
3760,立马
3761,站上
3762,站住
3763,竞争
3764,竞争力
3765,竟然
3766,端的
3767,競爭
3768,笑容
3769,笑话
3770,符合
3771,第一
3772,第一个
3773,第一件
3774,第一位
3775,第一天
3776,第一期
3777,第一次
3778,第一步
3779,第一种
3780,第三
3781,第三个
3782,第三天
3783,第二
3784,第二个
3785,第二件
3786,第二天
3787,第二次
3788,第二步
3789,第二点
3790,第五
3791,第五个
3792,第五天
3793,第六天
3794,第四
3795,第四个
3796,第四点
3797,等于
3798,等待
3799,等等等等
3800,等級
3801,等级
3802,答应
3803,答應
3804,答案
3805,策略
3806,简单
3807,简直
3808,算了
3809,算是
3810,管子
3811,管理
3812,管道
3813,箱泵
3814,節奏
3815,節目
3816,範圍
3817,簡單
3818,簡直
3819,米其林
3820,米饭
3821,类似
3822,类型
3823,粉丝
3824,粉絲
3825,粗暴
3826,精准
3827,精力
3828,精彩
3829,精神
3830,精致
3831,精英
3832,精采
3833,糖果
3834,糟糕
3835,系列
3836,系統
3837,系统
3838,紅色
3839,素材
3840,素质
3841,索尼
3842,紧张
3843,紧紧
3844,紧贴着
3845,紫色
3846,終於
3847,組合
3848,組織
3849,結合
3850,結婚
3851,結束
3852,結果
3853,結構
3854,絕對
3855,給他
3856,給你
3857,給你們
3858,給我
3859,給我們
3860,統一
3861,經常
3862,經歷
3863,經濟
3864,經營
3865,經過
3866,經驗
3867,維持
3868,網上
3869,網友
3870,網站
3871,網絡
3872,網路
3873,緊張
3874,線路
3875,練習
3876,總是
3877,總結
3878,總體
3879,繁殖
3880,繼續
3881,纠正
3882,纠结
3883,纠缠
3884,红烧肉
3885,红色
3886,红豆
3887,约束
3888,级别
3889,纯属
3890,纯水
3891,纯粹
3892,纷纷
3893,纸巾
3894,线上
3895,线材
3896,线条
3897,线索
3898,练习
3899,练后
3900,组合
3901,组成
3902,组织
3903,细化
3904,细胞
3905,细致
3906,细节
3907,终于
3908,经典
3909,经历
3910,经常
3911,经济
3912,经理
3913,经营
3914,经验
3915,结合
3916,结婚
3917,结尾
3918,结局
3919,结束
3920,结构
3921,结论
3922,给出
3923,给立
3924,绝不
3925,绝大多数
3926,绝大部分
3927,绝对
3928,统一
3929,统治
3930,统计
3931,继续
3932,维护
3933,维持
3934,维生素
3935,综合
3936,缓解
3937,编辑
3938,缺乏
3939,缺口
3940,缺少
3941,网上
3942,网友
3943,网易
3944,网站
3945,网红
3946,网络
3947,罪名
3948,罪犯
3949,羊毛
3950,美丽
3951,美人
3952,美国
3953,美國
3954,美女
3955,美好
3956,美的
3957,美食
3958,群体
3959,習慣
3960,習近
3961,翻开
3962,翻译
3963,翻身
3964,老人
3965,老公
3966,老哥
3967,老外
3968,老大
3969,老太太
3970,老头
3971,老婆
3972,老子
3973,老实
3974,老家
3975,老實
3976,老師
3977,老朋友
3978,老板
3979,老爷
3980,老爷爷
3981,老爸
3982,老百姓
3983,老老实实
3984,老豆腐
3985,老金
3986,老鼠
3987,考上
3988,考慮
3989,考核
3990,考虑
3991,考試
3992,考证
3993,考试
3994,考验
3995,耐力
3996,耐心
3997,耳朵
3998,耳机
3999,聊一聊
4000,聊天
4001,聊着
4002,聊聊
4003,职业
4004,职场
4005,联动
4006,联盟
4007,联系
4008,联网
4009,聚焦
4010,聚集
4011,聪明
4012,聯合
4013,聲音
4014,職場
4015,職業
4016,聽到
4017,肉眼
4018,肌肉
4019,肚子
4020,股价
4021,股市
4022,股票
4023,肩膀
4024,肯定
4025,背上
4026,背后
4027,背景
4028,背板
4029,背部
4030,背面
4031,胖子
4032,胜利
4033,胶圈
4034,胶带
4035,胶条
4036,胸口
4037,胸腔
4038,胸部
4039,能力
4040,能够
4041,能夠
4042,能带
4043,能源
4044,能耗
4045,能量
4046,脂肪
4047,脆弱
4048,脆脆
4049,脑子
4050,脑子里
4051,脑袋
4052,脖子
4053,脚子
4054,脱离
4055,脱脱
4056,脱落
4057,脸上
4058,脸色
4059,腦子
4060,腰部
4061,腹部
4062,腿部
4063,膝蓋
4064,自主
4065,自信
4066,自动
4067,自助
4068,自動
4069,自带
4070,自律
4071,自愿
4072,自我
4073,自救
4074,自杀
4075,自然
4076,自然而然
4077,自由
4078,自行
4079,自觉
4080,自责
4081,至少
4082,至於
4083,至此
4084,興奮
4085,興趣
4086,舉動
4087,舌头
4088,舒服
4089,舒适
4090,舒適
4091,舞台
4092,舞蹈
4093,航空
4094,良好
4095,良心
4096,良性
4097,艰难
4098,色彩
4099,节奏
4100,节目
4101,芝士
4102,芝麻
4103,芯片
4104,花椒
4105,花花
4106,花钱
4107,花雪
4108,英国
4109,英國
4110,英文
4111,英语
4112,英雄
4113,苹果
4114,范围
4115,草丛
4116,荒谬
4117,莫名
4118,莫名其妙
4119,获得
4120,菜刀
4121,菜单
4122,萝卜
4123,营养
4124,萬人
4125,落地
4126,落实
4127,著名
4128,葡萄
4129,董事
4130,葱花
4131,蒸馏水
4132,蓝色
4133,藍色
4134,處理
4135,蛋白
4136,蛋糕
4137,蜘蛛
4138,蝎子
4139,螃蟹
4140,融入
4141,融合
4142,融资
4143,螺丝
4144,螺旋
4145,蟹壳
4146,血型
4147,血流
4148,血液
4149,血管
4150,血量
4151,行不行
4152,行业
4153,行为
4154,行人
4155,行动
4156,行動
4157,行情
4158,行政
4159,行李
4160,行業
4161,行為
4162,行行行
4163,行走
4164,行驶
4165,衔接
4166,街道
4167,衝突
4168,衣服
4169,补充
4170,补贴
4171,表弟
4172,表情
4173,表明
4174,表演
4175,表现
4176,表現
4177,表示
4178,表达
4179,表達
4180,表面
4181,袋子
4182,被动
4183,被困
4184,被害
4185,被迫
4186,裁切
4187,装修
4188,装备
4189,装好
4190,装满水
4191,装置
4192,裝備
4193,裡的
4194,裡面
4195,西方
4196,西瓜
4197,西装
4198,要来
4199,要死
4200,要求
4201,要用
4202,要素
4203,要給
4204,要说
4205,覆盖
4206,規則
4207,規定
4208,視頻
4209,親子
4210,觀察
4211,觀眾
4212,觀點
4213,见到
4214,见见
4215,见证
4216,见过
4217,见面
4218,观众
4219,观察
4220,观念
4221,观点
4222,观看
4223,规划
4224,规则
4225,规定
4226,规律
4227,规格
4228,规模
4229,视觉
4230,视角
4231,角度
4232,角色
4233,解决
4234,解决问题
4235,解压
4236,解开
4237,解放
4238,解析
4239,解決
4240,解脱
4241,解说
4242,解读
4243,解释
4244,解释一下
4245,解釋
4246,解除
4247,触发
4248,言言
4249,言论
4250,計劃
4251,計畫
4252,討厭
4253,討論
4254,訓練
4255,記住
4256,記得
4257,記憶
4258,記錄
4259,設定
4260,設計
4261,設計師
4262,許多
4263,評價
4264,評論
4265,試試
4266,話題
4267,詳細
4268,誇張
4269,認為
4270,認真
4271,認知
4272,認識
4273,說明
4274,說法
4275,說話
4276,說過
4277,調整
4278,調查
4279,請問
4280,請求
4281,謝謝
4282,證明
4283,警告
4284,警察
4285,警方
4286,警车
4287,讀書
4288,變化
4289,變得
4290,變態
4291,變成
4292,计划
4293,计算
4294,订阅
4295,认为
4296,认可
4297,认同
4298,认定
4299,认真
4300,认知
4301,认识
4302,讨厌
4303,讨论
4304,让给
4305,训练
4306,记住
4307,记录
4308,记得
4309,记忆
4310,讲究
4311,讲解
4312,讲讲
4313,讲话
4314,讲过
4315,论文
4316,论证
4317,设备
4318,设定
4319,设想
4320,设施
4321,设置
4322,设计
4323,访客
4324,证据
4325,证明
4326,评价
4327,评论
4328,试一下
4329,试图
4330,试试
4331,试试看
4332,话题
4333,询问
4334,详细
4335,语语
4336,误会
4337,说不定
4338,说了算
4339,说出
4340,说好
4341,说完
4342,说实话
4343,说明
4344,说明书
4345,说服
4346,说法
4347,说真的
4348,说话
4349,说起
4350,请问
4351,读书
4352,读过
4353,课程
4354,调味
4355,调换
4356,调整
4357,调查
4358,调节
4359,谈谈
4360,谢谢
4361,豆皮
4362,豆腐
4363,負責
4364,財富
4365,貨幣
4366,責任
4367,買個
4368,資料
4369,資本
4370,資格
4371,資源
4372,購買
4373,贏了
4374,负担
4375,负责
4376,负面
4377,财富
4378,责任
4379,账单
4380,账号
4381,质保
4382,质量
4383,购买
4384,贴着
4385,贸易
4386,费用
4387,资产
4388,资料
4389,资本
4390,资本主义
4391,资本家
4392,资格
4393,资源
4394,资金
4395,赚钱
4396,走上
4397,走出
4398,走向
4399,走走
4400,走路
4401,走过
4402,走进
4403,赶快
4404,赶来
4405,赶紧
4406,赶走
4407,起來
4408,起到
4409,起床
4410,起步
4411,起码
4412,起诉
4413,起身
4414,起飞
4415,超出
4416,超多
4417,超大
4418,超市
4419,超級
4420,超级
4421,超越
4422,超过
4423,超過
4424,超长
4425,超高
4426,超龙
4427,越來
4428,越南
4429,越大
4430,越来越
4431,越来越近
4432,趋势
4433,趕快
4434,趕緊
4435,足够
4436,跑步
4437,跑跑
4438,跑车
4439,距离
4440,距離
4441,跟上
4442,跟着
4443,跨越
4444,路上
4445,路线
4446,路边
4447,路过
4448,跳下去
4449,跳出
4450,跳舞
4451,跳过
4452,身上
4453,身份
4454,身体
4455,身后
4456,身子
4457,身边
4458,身邊
4459,身體
4460,身高
4461,躺平
4462,輕人
4463,輸入
4464,轉變
4465,转动
4466,转化
4467,转发
4468,转型
4469,转头
4470,转换
4471,转移
4472,转角
4473,转身
4474,转转
4475,轮胎
4476,软件
4477,软化
4478,软管
4479,轻松
4480,轻轻
4481,较大
4482,输出
4483,辛苦
4484,辞职
4485,辣味
4486,辣椒
4487,辦法
4488,边缘
4489,达到
4490,迅速
4491,过于
4492,过分
4493,过去
4494,过后
4495,过度
4496,过往
4497,过得
4498,过来
4499,过程
4500,迎接
4501,运作
4502,运动
4503,运气
4504,运营
4505,运行
4506,还会
4507,还原
4508,还好
4509,还给
4510,还行
4511,这一
4512,这下
4513,这么久
4514,这事
4515,这件
4516,这份
4517,这会
4518,这位
4519,这句
4520,这台
4521,这场
4522,这块
4523,这天
4524,这套
4525,这家
4526,这帮
4527,这张
4528,这才
4529,这方面
4530,这时候
4531,这有
4532,这期
4533,这条
4534,这来
4535,这样的话
4536,这根
4537,这款
4538,这段
4539,这波
4540,这点
4541,这笔
4542,这要
4543,这话
4544,这起
4545,这道
4546,这部
4547,这部分
4548,这颗
4549,进一步
4550,进入
4551,进到
4552,进去
4553,进口
4554,进场
4555,进度
4556,进来
4557,进步
4558,进水口
4559,进行
4560,远程
4561,远远
4562,连接
4563,连接起来
4564,连续
4565,迫使
4566,迷茫
4567,追求
4568,退休
4569,退出
4570,送到
4571,送給
4572,送给
4573,适合
4574,适应
4575,适当
4576,逃出
4577,逃跑
4578,逃避
4579,选业
4580,选手
4581,选择
4582,选择性
4583,选项
4584,透明
4585,透过
4586,透露
4587,逐渐
4588,逐漸
4589,這一
4590,這一個
4591,這一點
4592,這三個
4593,這不
4594,這也
4595,這些
4596,這什麼
4597,這件
4598,這份
4599,這位
4600,這兒
4601,這兩個
4602,這句
4603,這套
4604,這就
4605,這幾個
4606,這怎麼
4607,這才
4608,這是
4609,這時候
4610,這有
4611,這東西
4612,這條
4613,這樣子
4614,這次
4615,這段
4616,這臉
4617,這裡面
4618,這要
4619,這還
4620,這邊
4621,這部
4622,這都
4623,這點
4624,通学
4625,通常
4626,通情
4627,通电
4628,通知
4629,通通
4630,通過
4631,通道
4632,速度
4633,造型
4634,造成
4635,連上
4636,連續
4637,進來
4638,進入
4639,進去
4640,進步
4641,進行
4642,逻辑
4643,遇上
4644,遇到
4645,遇见
4646,遊戲
4647,運動
4648,過了
4649,過來
4650,過去
4651,過度
4652,過得
4653,過的
4654,過程
4655,道具
4656,道德
4657,道歉
4658,道理
4659,道路
4660,違反
4661,違法
4662,遗憾
4663,遠遠
4664,遥远
4665,適合
4666,遭到
4667,遭遇
4668,遵守
4669,選擇
4670,遺憾
4671,避免
4672,避开
4673,邀请
4674,還不
4675,還在
4676,還好
4677,還得
4678,還想
4679,還挺
4680,還會
4681,還沒
4682,還沒有
4683,還給
4684,還能
4685,還要
4686,邏輯
4687,那一
4688,那一個
4689,那一刻
4690,那份
4691,那位
4692,那像
4693,那兒
4694,那到
4695,那句
4696,那句话
4697,那天
4698,那好
4699,那年
4700,那张
4701,那当
4702,那怕
4703,那才
4704,那時候
4705,那有
4706,那条
4707,那樣
4708,那段
4709,那种
4710,那種
4711,那裡
4712,那要
4713,那邊
4714,那麼
4715,邻居
4716,部位
4717,部分
4718,部門
4719,部门
4720,都行
4721,配上
4722,配件
4723,配合
4724,配套
4725,配料
4726,配方
4727,配置
4728,配菜
4729,酒店
4730,酒精
4731,酱油
4732,醒来
4733,醫生
4734,采用
4735,采访
4736,采购
4737,释放
4738,里头
4739,里边
4740,重力
4741,重复
4742,重大
4743,重建
4744,重心
4745,重新
4746,重点
4747,重生
4748,重裁
4749,重要
4750,重要性
4751,重視
4752,重视
4753,重量
4754,重點
4755,量产
4756,量子
4757,金刚
4758,金属
4759,金牌
4760,金线
4761,金融
4762,錯誤
4763,錯過
4764,钢琴
4765,银行
4766,银行卡
4767,销售
4768,锋利
4769,错误
4770,错过
4771,锯子
4772,镜头
4773,镜子
4774,长大
4775,长度
4776,长得
4777,长时
4778,长时间
4779,长期
4780,长焦
4781,開始
4782,開心
4783,關心
4784,關於
4785,關注
4786,關鍵
4787,门口
4788,门把手
4789,闪现
4790,问问
4791,问题
4792,队伍
4793,队友
4794,队长
4795,防冻液
4796,防御
4797,防止
4798,阳光
4799,阶层
4800,阶段
4801,阻止
4802,阿卡
4803,阿姨
4804,阿拉伯
4805,阿里
4806,阿里巴巴
4807,附件
4808,附近
4809,陌生
4810,陌生人
4811,降低
4812,降到
4813,限制
4814,限度
4815,陪伴
4816,陷入
4817,隆断
4818,隊伍
4819,階段
4820,階級
4821,随便
4822,随即
4823,随意
4824,随机
4825,隐藏
4826,隔壁
4827,隔离
4828,隨便
4829,隨時
4830,隨機
4831,隨著
4832,难以
4833,难受
4834,难吃
4835,难度
4836,难忘
4837,难道
4838,难题
4839,雄性
4840,集中
4841,集体
4842,集合
4843,集团
4844,集體
4845,雖然
4846,雙手
4847,離職
4848,離開
4849,難受
4850,難度
4851,難道
4852,零部件
4853,零零
4854,零食
4855,電子
4856,電影
4857,電腦
4858,電話
4859,需求
4860,露丝
4861,露出
4862,靈魂
4863,青年
4864,青春
4865,青蛙
4866,静置
4867,非常明显
4868,非常适合
4869,非得
4870,非洲
4871,非要
4872,靠近
4873,面临
4874,面前
4875,面包
4876,面子
4877,面对
4878,面對
4879,面是
4880,面条
4881,面积
4882,面臨
4883,革命
4884,鞋子
4885,韓國
4886,韩国
4887,韭菜
4888,音乐
4889,項目
4890,順利
4891,預期
4892,領域
4893,領導
4894,顏色
4895,願意
4896,類似
4897,顧客
4898,顯示
4899,顶上
4900,顶端
4901,顶部
4902,项目
4903,顺便
4904,顺利
4905,顺序
4906,预弯好
4907,预期
4908,预测
4909,领域
4910,领导
4911,频率
4912,频道
4913,颜色
4914,额外
4915,風扇
4916,風險
4917,风光
4918,风冷
4919,风扇
4920,风景
4921,风暴
4922,风格
4923,风险
4924,飛機
4925,飞机
4926,飞船
4927,飞行
4928,食材
4929,食欲
4930,食物
4931,養樂多
4932,餐厅
4933,餐廳
4934,饱腹
4935,饿死
4936,香味
4937,香料
4938,香油
4939,香港
4940,香菇
4941,香菜
4942,马上
4943,马克思
4944,马斯克
4945,驱动
4946,驾驶
4947,验证
4948,骗人
4949,骗子
4950,體內
4951,體制
4952,體力
4953,體系
4954,體驗
4955,高中
4956,高低
4957,高光
4958,高兴
4959,高大
4960,高峰
4961,高度
4962,高手
4963,高效
4964,高校
4965,高档
4966,高端
4967,高管
4968,高級
4969,高级
4970,高考
4971,高速
4972,魅力
4973,魔法
4974,鱼肉
4975,鱿鱼
4976,鸡肉
4977,鸡蛋
4978,鸡鸡
4979,麻烦
4980,麻煩
4981,黄瓜
4982,黄色
4983,黄金
4984,黑人
4985,黑帮
4986,黑暗
4987,黑色
4988,默默
4989,點了
4990,點到
4991,點半
4992,點擊
4993,點鐘
4994,點點
4995,鼓励
4996,鼓勵
4997,鼠标
4998,鼻子
4999,齐平
